<?xml version="1.0" encoding="UTF-8" ?>
<feature
	id="org.eclipse.babel.nls_eclipse_zh_TW"
	label="Babel Language Pack for eclipse in Chinese (Traditional) (77.09%)"
	image="eclipse_update_120.jpg"
	provider-name="%providerName"
	version="4.10.0.v20190126060001">
	<copyright>
		%copyright
	</copyright>
	<license url="%licenseURL">
		%license
	</license>
	<description>Babel Language Pack for eclipse in Chinese (Traditional)</description>
	<plugin fragment="true" id="org.eclipse.ant.core.nl_zh_TW" unpack="false" version="4.10.0.v20190126060001" download-size="5009" install-size="5009" />
	<plugin fragment="true" id="org.eclipse.ant.launching.nl_zh_TW" unpack="false" version="4.10.0.v20190126060001" download-size="8305" install-size="8305" />
	<plugin fragment="true" id="org.eclipse.ant.tests.core.nl_zh_TW" unpack="false" version="4.10.0.v20190126060001" download-size="1902" install-size="1902" />
	<plugin fragment="true" id="org.eclipse.ant.tests.ui.nl_zh_TW" unpack="false" version="4.10.0.v20190126060001" download-size="1527" install-size="1527" />
	<plugin fragment="true" id="org.eclipse.ant.ui.nl_zh_TW" unpack="false" version="4.10.0.v20190126060001" download-size="23541" install-size="23541" />
	<plugin fragment="true" id="org.eclipse.compare.core.nl_zh_TW" unpack="false" version="4.10.0.v20190126060001" download-size="2551" install-size="2551" />
	<plugin fragment="true" id="org.eclipse.compare.examples.nl_zh_TW" unpack="false" version="4.10.0.v20190126060001" download-size="2513" install-size="2513" />
	<plugin fragment="true" id="org.eclipse.compare.examples.xml.nl_zh_TW" unpack="false" version="4.10.0.v20190126060001" download-size="2903" install-size="2903" />
	<plugin fragment="true" id="org.eclipse.compare.nl_zh_TW" unpack="false" version="4.10.0.v20190126060001" download-size="14247" install-size="14247" />
	<plugin fragment="true" id="org.eclipse.compare.win32.nl_zh_TW" unpack="false" version="4.10.0.v20190126060001" download-size="2713" install-size="2713" />
	<plugin fragment="true" id="org.eclipse.core.commands.nl_zh_TW" unpack="false" version="4.10.0.v20190126060001" download-size="1505" install-size="1505" />
	<plugin fragment="true" id="org.eclipse.core.contenttype.nl_zh_TW" unpack="false" version="4.10.0.v20190126060001" download-size="2799" install-size="2799" />
	<plugin fragment="true" id="org.eclipse.core.databinding.beans.nl_zh_TW" unpack="false" version="4.10.0.v20190126060001" download-size="1537" install-size="1537" />
	<plugin fragment="true" id="org.eclipse.core.databinding.nl_zh_TW" unpack="false" version="4.10.0.v20190126060001" download-size="2839" install-size="2839" />
	<plugin fragment="true" id="org.eclipse.core.databinding.observable.nl_zh_TW" unpack="false" version="4.10.0.v20190126060001" download-size="1495" install-size="1495" />
	<plugin fragment="true" id="org.eclipse.core.databinding.property.nl_zh_TW" unpack="false" version="4.10.0.v20190126060001" download-size="1493" install-size="1493" />
	<plugin fragment="true" id="org.eclipse.core.expressions.nl_zh_TW" unpack="false" version="4.10.0.v20190126060001" download-size="3155" install-size="3155" />
	<plugin fragment="true" id="org.eclipse.core.externaltools.nl_zh_TW" unpack="false" version="4.10.0.v20190126060001" download-size="4278" install-size="4278" />
	<plugin fragment="true" id="org.eclipse.core.filebuffers.nl_zh_TW" unpack="false" version="4.10.0.v20190126060001" download-size="4285" install-size="4285" />
	<plugin fragment="true" id="org.eclipse.core.filesystem.linux.ppc64le.nl_zh_TW" unpack="false" version="4.10.0.v20190126060001" download-size="1500" install-size="1500" />
	<plugin fragment="true" id="org.eclipse.core.filesystem.linux.x86.nl_zh_TW" unpack="false" version="4.10.0.v20190126060001" download-size="1534" install-size="1534" />
	<plugin fragment="true" id="org.eclipse.core.filesystem.linux.x86_64.nl_zh_TW" unpack="false" version="4.10.0.v20190126060001" download-size="1538" install-size="1538" />
	<plugin fragment="true" id="org.eclipse.core.filesystem.macosx.nl_zh_TW" unpack="false" version="4.10.0.v20190126060001" download-size="1519" install-size="1519" />
	<plugin fragment="true" id="org.eclipse.core.filesystem.nl_zh_TW" unpack="false" version="4.10.0.v20190126060001" download-size="3111" install-size="3111" />
	<plugin fragment="true" id="org.eclipse.core.filesystem.win32.x86.nl_zh_TW" unpack="false" version="4.10.0.v20190126060001" download-size="1535" install-size="1535" />
	<plugin fragment="true" id="org.eclipse.core.filesystem.win32.x86_64.nl_zh_TW" unpack="false" version="4.10.0.v20190126060001" download-size="1538" install-size="1538" />
	<plugin fragment="true" id="org.eclipse.core.jobs.nl_zh_TW" unpack="false" version="4.10.0.v20190126060001" download-size="2595" install-size="2595" />
	<plugin fragment="true" id="org.eclipse.core.net.linux.x86_64.nl_zh_TW" unpack="false" version="4.10.0.v20190126060001" download-size="1531" install-size="1531" />
	<plugin fragment="true" id="org.eclipse.core.net.nl_zh_TW" unpack="false" version="4.10.0.v20190126060001" download-size="2384" install-size="2384" />
	<plugin fragment="true" id="org.eclipse.core.net.win32.x86_64.nl_zh_TW" unpack="false" version="4.10.0.v20190126060001" download-size="1577" install-size="1577" />
	<plugin fragment="true" id="org.eclipse.core.resources.nl_zh_TW" unpack="false" version="4.10.0.v20190126060001" download-size="9426" install-size="9426" />
	<plugin fragment="true" id="org.eclipse.core.resources.win32.x86.nl_zh_TW" unpack="false" version="4.10.0.v20190126060001" download-size="1641" install-size="1641" />
	<plugin fragment="true" id="org.eclipse.core.resources.win32.x86_64.nl_zh_TW" unpack="false" version="4.10.0.v20190126060001" download-size="1645" install-size="1645" />
	<plugin fragment="true" id="org.eclipse.core.runtime.nl_zh_TW" unpack="false" version="4.10.0.v20190126060001" download-size="4076" install-size="4076" />
	<plugin fragment="true" id="org.eclipse.core.tests.runtime.nl_zh_TW" unpack="false" version="4.10.0.v20190126060001" download-size="2104" install-size="2104" />
	<plugin fragment="true" id="org.eclipse.core.tools.nl_zh_TW" unpack="false" version="4.10.0.v20190126060001" download-size="2336" install-size="2336" />
	<plugin fragment="true" id="org.eclipse.core.variables.nl_zh_TW" unpack="false" version="4.10.0.v20190126060001" download-size="2688" install-size="2688" />
	<plugin fragment="true" id="org.eclipse.cvs.nl_zh_TW" unpack="false" version="4.10.0.v20190126060001" download-size="1714" install-size="1714" />
	<plugin fragment="true" id="org.eclipse.debug.core.nl_zh_TW" unpack="false" version="4.10.0.v20190126060001" download-size="7628" install-size="7628" />
	<plugin fragment="true" id="org.eclipse.debug.examples.core.nl_zh_TW" unpack="false" version="4.10.0.v20190126060001" download-size="1715" install-size="1715" />
	<plugin fragment="true" id="org.eclipse.debug.examples.memory.nl_zh_TW" unpack="false" version="4.10.0.v20190126060001" download-size="2744" install-size="2744" />
	<plugin fragment="true" id="org.eclipse.debug.examples.mixedmode.nl_zh_TW" unpack="false" version="4.10.0.v20190126060001" download-size="1717" install-size="1717" />
	<plugin fragment="true" id="org.eclipse.debug.examples.ui.nl_zh_TW" unpack="false" version="4.10.0.v20190126060001" download-size="3100" install-size="3100" />
	<plugin fragment="true" id="org.eclipse.debug.ui.nl_zh_TW" unpack="false" version="4.10.0.v20190126060001" download-size="34857" install-size="34857" />
	<plugin fragment="true" id="org.eclipse.e4.core.contexts.nl_zh_TW" unpack="false" version="4.10.0.v20190126060001" download-size="1484" install-size="1484" />
	<plugin fragment="true" id="org.eclipse.e4.core.di.annotations.nl_zh_TW" unpack="false" version="4.10.0.v20190126060001" download-size="1715" install-size="1715" />
	<plugin fragment="true" id="org.eclipse.e4.core.di.extensions.nl_zh_TW" unpack="false" version="4.10.0.v20190126060001" download-size="1491" install-size="1491" />
	<plugin fragment="true" id="org.eclipse.e4.core.di.extensions.supplier.nl_zh_TW" unpack="false" version="4.10.0.v20190126060001" download-size="1724" install-size="1724" />
	<plugin fragment="true" id="org.eclipse.e4.core.di.nl_zh_TW" unpack="false" version="4.10.0.v20190126060001" download-size="1480" install-size="1480" />
	<plugin fragment="true" id="org.eclipse.e4.core.services.nl_zh_TW" unpack="false" version="4.10.0.v20190126060001" download-size="1484" install-size="1484" />
	<plugin fragment="true" id="org.eclipse.e4.demo.cssbridge.nl_zh_TW" unpack="false" version="4.10.0.v20190126060001" download-size="1487" install-size="1487" />
	<plugin fragment="true" id="org.eclipse.e4.emf.xpath.nl_zh_TW" unpack="false" version="4.10.0.v20190126060001" download-size="1710" install-size="1710" />
	<plugin fragment="true" id="org.eclipse.e4.tools.compat.nl_zh_TW" unpack="false" version="4.10.0.v20190126060001" download-size="2736" install-size="2736" />
	<plugin fragment="true" id="org.eclipse.e4.tools.emf.editor3x.nl_zh_TW" unpack="false" version="4.10.0.v20190126060001" download-size="2774" install-size="2774" />
	<plugin fragment="true" id="org.eclipse.e4.tools.emf.ui.nl_zh_TW" unpack="false" version="4.10.0.v20190126060001" download-size="6082" install-size="6082" />
	<plugin fragment="true" id="org.eclipse.e4.tools.jdt.templates.nl_zh_TW" unpack="false" version="4.10.0.v20190126060001" download-size="1491" install-size="1491" />
	<plugin fragment="true" id="org.eclipse.e4.tools.nl_zh_TW" unpack="false" version="4.10.0.v20190126060001" download-size="2889" install-size="2889" />
	<plugin fragment="true" id="org.eclipse.e4.tools.services.nl_zh_TW" unpack="false" version="4.10.0.v20190126060001" download-size="1738" install-size="1738" />
	<plugin fragment="true" id="org.eclipse.e4.ui.css.core.nl_zh_TW" unpack="false" version="4.10.0.v20190126060001" download-size="1482" install-size="1482" />
	<plugin fragment="true" id="org.eclipse.e4.ui.css.swt.nl_zh_TW" unpack="false" version="4.10.0.v20190126060001" download-size="1482" install-size="1482" />
	<plugin fragment="true" id="org.eclipse.e4.ui.css.swt.theme.nl_zh_TW" unpack="false" version="4.10.0.v20190126060001" download-size="1532" install-size="1532" />
	<plugin fragment="true" id="org.eclipse.e4.ui.di.nl_zh_TW" unpack="false" version="4.10.0.v20190126060001" download-size="1479" install-size="1479" />
	<plugin fragment="true" id="org.eclipse.e4.ui.dialogs.nl_zh_TW" unpack="false" version="4.10.0.v20190126060001" download-size="2589" install-size="2589" />
	<plugin fragment="true" id="org.eclipse.e4.ui.menu.tests.p3.nl_zh_TW" unpack="false" version="4.10.0.v20190126060001" download-size="1649" install-size="1649" />
	<plugin fragment="true" id="org.eclipse.e4.ui.model.workbench.nl_zh_TW" unpack="false" version="4.10.0.v20190126060001" download-size="1488" install-size="1488" />
	<plugin fragment="true" id="org.eclipse.e4.ui.progress.nl_zh_TW" unpack="false" version="4.10.0.v20190126060001" download-size="3945" install-size="3945" />
	<plugin fragment="true" id="org.eclipse.e4.ui.services.nl_zh_TW" unpack="false" version="4.10.0.v20190126060001" download-size="1483" install-size="1483" />
	<plugin fragment="true" id="org.eclipse.e4.ui.swt.gtk.nl_zh_TW" unpack="false" version="4.10.0.v20190126060001" download-size="1494" install-size="1494" />
	<plugin fragment="true" id="org.eclipse.e4.ui.widgets.nl_zh_TW" unpack="false" version="4.10.0.v20190126060001" download-size="1482" install-size="1482" />
	<plugin fragment="true" id="org.eclipse.e4.ui.workbench.renderers.swt.cocoa.nl_zh_TW" unpack="false" version="4.10.0.v20190126060001" download-size="2953" install-size="2953" />
	<plugin fragment="true" id="org.eclipse.e4.ui.workbench3.nl_zh_TW" unpack="false" version="4.10.0.v20190126060001" download-size="1485" install-size="1485" />
	<plugin fragment="true" id="org.eclipse.equinox.frameworkadmin.equinox.nl_zh_TW" unpack="false" version="4.10.0.v20190126060001" download-size="1490" install-size="1490" />
	<plugin fragment="true" id="org.eclipse.equinox.frameworkadmin.nl_zh_TW" unpack="false" version="4.10.0.v20190126060001" download-size="1488" install-size="1488" />
	<plugin fragment="true" id="org.eclipse.equinox.launcher.cocoa.macosx.x86_64.nl_zh_TW" unpack="false" version="4.10.0.v20190126060001" download-size="1585" install-size="1585" />
	<plugin fragment="true" id="org.eclipse.equinox.launcher.gtk.linux.aarch64.nl_zh_TW" unpack="false" version="4.10.0.v20190126060001" download-size="1536" install-size="1536" />
	<plugin fragment="true" id="org.eclipse.equinox.launcher.gtk.linux.arm.nl_zh_TW" unpack="false" version="4.10.0.v20190126060001" download-size="1524" install-size="1524" />
	<plugin fragment="true" id="org.eclipse.equinox.launcher.gtk.linux.ppc64le.nl_zh_TW" unpack="false" version="4.10.0.v20190126060001" download-size="1535" install-size="1535" />
	<plugin fragment="true" id="org.eclipse.equinox.launcher.gtk.linux.s390.nl_zh_TW" unpack="false" version="4.10.0.v20190126060001" download-size="1625" install-size="1625" />
	<plugin fragment="true" id="org.eclipse.equinox.launcher.gtk.linux.s390x.nl_zh_TW" unpack="false" version="4.10.0.v20190126060001" download-size="1627" install-size="1627" />
	<plugin fragment="true" id="org.eclipse.equinox.launcher.gtk.linux.x86.nl_zh_TW" unpack="false" version="4.10.0.v20190126060001" download-size="1622" install-size="1622" />
	<plugin fragment="true" id="org.eclipse.equinox.launcher.gtk.linux.x86_64.nl_zh_TW" unpack="false" version="4.10.0.v20190126060001" download-size="1633" install-size="1633" />
	<plugin fragment="true" id="org.eclipse.equinox.launcher.nl_zh_TW" unpack="false" version="4.10.0.v20190126060001" download-size="1521" install-size="1521" />
	<plugin fragment="true" id="org.eclipse.equinox.launcher.win32.win32.x86.nl_zh_TW" unpack="false" version="4.10.0.v20190126060001" download-size="1623" install-size="1623" />
	<plugin fragment="true" id="org.eclipse.equinox.launcher.win32.win32.x86_64.nl_zh_TW" unpack="false" version="4.10.0.v20190126060001" download-size="1636" install-size="1636" />
	<plugin fragment="true" id="org.eclipse.equinox.p2.artifact.optimizers.nl_zh_TW" unpack="false" version="4.10.0.v20190126060001" download-size="1492" install-size="1492" />
	<plugin fragment="true" id="org.eclipse.equinox.p2.artifact.processors.nl_zh_TW" unpack="false" version="4.10.0.v20190126060001" download-size="1491" install-size="1491" />
	<plugin fragment="true" id="org.eclipse.equinox.p2.artifact.repository.nl_zh_TW" unpack="false" version="4.10.0.v20190126060001" download-size="3482" install-size="3482" />
	<plugin fragment="true" id="org.eclipse.equinox.p2.console.nl_zh_TW" unpack="false" version="4.10.0.v20190126060001" download-size="1484" install-size="1484" />
	<plugin fragment="true" id="org.eclipse.equinox.p2.core.nl_zh_TW" unpack="false" version="4.10.0.v20190126060001" download-size="2820" install-size="2820" />
	<plugin fragment="true" id="org.eclipse.equinox.p2.director.app.nl_zh_TW" unpack="false" version="4.10.0.v20190126060001" download-size="2755" install-size="2755" />
	<plugin fragment="true" id="org.eclipse.equinox.p2.director.nl_zh_TW" unpack="false" version="4.10.0.v20190126060001" download-size="2545" install-size="2545" />
	<plugin fragment="true" id="org.eclipse.equinox.p2.directorywatcher.nl_zh_TW" unpack="false" version="4.10.0.v20190126060001" download-size="1491" install-size="1491" />
	<plugin fragment="true" id="org.eclipse.equinox.p2.discovery.compatibility.nl_zh_TW" unpack="false" version="4.10.0.v20190126060001" download-size="3086" install-size="3086" />
	<plugin fragment="true" id="org.eclipse.equinox.p2.discovery.nl_zh_TW" unpack="false" version="4.10.0.v20190126060001" download-size="1488" install-size="1488" />
	<plugin fragment="true" id="org.eclipse.equinox.p2.engine.nl_zh_TW" unpack="false" version="4.10.0.v20190126060001" download-size="2568" install-size="2568" />
	<plugin fragment="true" id="org.eclipse.equinox.p2.examples.rcp.cloud.nl_zh_TW" unpack="false" version="4.10.0.v20190126060001" download-size="1596" install-size="1596" />
	<plugin fragment="true" id="org.eclipse.equinox.p2.examples.rcp.discovery.nl_zh_TW" unpack="false" version="4.10.0.v20190126060001" download-size="1599" install-size="1599" />
	<plugin fragment="true" id="org.eclipse.equinox.p2.examples.rcp.sdkbundlevisibility.nl_zh_TW" unpack="false" version="4.10.0.v20190126060001" download-size="3439" install-size="3439" />
	<plugin fragment="true" id="org.eclipse.equinox.p2.extensionlocation.nl_zh_TW" unpack="false" version="4.10.0.v20190126060001" download-size="1491" install-size="1491" />
	<plugin fragment="true" id="org.eclipse.equinox.p2.garbagecollector.nl_zh_TW" unpack="false" version="4.10.0.v20190126060001" download-size="1491" install-size="1491" />
	<plugin fragment="true" id="org.eclipse.equinox.p2.installer.nl_zh_TW" unpack="false" version="4.10.0.v20190126060001" download-size="3052" install-size="3052" />
	<plugin fragment="true" id="org.eclipse.equinox.p2.jarprocessor.nl_zh_TW" unpack="false" version="4.10.0.v20190126060001" download-size="1488" install-size="1488" />
	<plugin fragment="true" id="org.eclipse.equinox.p2.metadata.nl_zh_TW" unpack="false" version="4.10.0.v20190126060001" download-size="1482" install-size="1482" />
	<plugin fragment="true" id="org.eclipse.equinox.p2.metadata.repository.nl_zh_TW" unpack="false" version="4.10.0.v20190126060001" download-size="2808" install-size="2808" />
	<plugin fragment="true" id="org.eclipse.equinox.p2.operations.nl_zh_TW" unpack="false" version="4.10.0.v20190126060001" download-size="2594" install-size="2594" />
	<plugin fragment="true" id="org.eclipse.equinox.p2.publisher.eclipse.nl_zh_TW" unpack="false" version="4.10.0.v20190126060001" download-size="2968" install-size="2968" />
	<plugin fragment="true" id="org.eclipse.equinox.p2.publisher.nl_zh_TW" unpack="false" version="4.10.0.v20190126060001" download-size="1486" install-size="1486" />
	<plugin fragment="true" id="org.eclipse.equinox.p2.reconciler.dropins.nl_zh_TW" unpack="false" version="4.10.0.v20190126060001" download-size="1490" install-size="1490" />
	<plugin fragment="true" id="org.eclipse.equinox.p2.repository.nl_zh_TW" unpack="false" version="4.10.0.v20190126060001" download-size="3570" install-size="3570" />
	<plugin fragment="true" id="org.eclipse.equinox.p2.repository.tools.nl_zh_TW" unpack="false" version="4.10.0.v20190126060001" download-size="3775" install-size="3775" />
	<plugin fragment="true" id="org.eclipse.equinox.p2.tests.discovery.nl_zh_TW" unpack="false" version="4.10.0.v20190126060001" download-size="1521" install-size="1521" />
	<plugin fragment="true" id="org.eclipse.equinox.p2.tests.ui.nl_zh_TW" unpack="false" version="4.10.0.v20190126060001" download-size="1484" install-size="1484" />
	<plugin fragment="true" id="org.eclipse.equinox.p2.tests.verifier.nl_zh_TW" unpack="false" version="4.10.0.v20190126060001" download-size="4853" install-size="4853" />
	<plugin fragment="true" id="org.eclipse.equinox.p2.touchpoint.eclipse.nl_zh_TW" unpack="false" version="4.10.0.v20190126060001" download-size="1488" install-size="1488" />
	<plugin fragment="true" id="org.eclipse.equinox.p2.touchpoint.natives.nl_zh_TW" unpack="false" version="4.10.0.v20190126060001" download-size="2818" install-size="2818" />
	<plugin fragment="true" id="org.eclipse.equinox.p2.transport.ecf.nl_zh_TW" unpack="false" version="4.10.0.v20190126060001" download-size="2908" install-size="2908" />
	<plugin fragment="true" id="org.eclipse.equinox.p2.ui.admin.nl_zh_TW" unpack="false" version="4.10.0.v20190126060001" download-size="2981" install-size="2981" />
	<plugin fragment="true" id="org.eclipse.equinox.p2.ui.admin.rcp.nl_zh_TW" unpack="false" version="4.10.0.v20190126060001" download-size="2916" install-size="2916" />
	<plugin fragment="true" id="org.eclipse.equinox.p2.ui.discovery.nl_zh_TW" unpack="false" version="4.10.0.v20190126060001" download-size="3531" install-size="3531" />
	<plugin fragment="true" id="org.eclipse.equinox.p2.ui.importexport.nl_zh_TW" unpack="false" version="4.10.0.v20190126060001" download-size="3057" install-size="3057" />
	<plugin fragment="true" id="org.eclipse.equinox.p2.ui.nl_zh_TW" unpack="false" version="4.10.0.v20190126060001" download-size="7085" install-size="7085" />
	<plugin fragment="true" id="org.eclipse.equinox.p2.ui.sdk.nl_zh_TW" unpack="false" version="4.10.0.v20190126060001" download-size="3637" install-size="3637" />
	<plugin fragment="true" id="org.eclipse.equinox.p2.ui.sdk.scheduler.nl_zh_TW" unpack="false" version="4.10.0.v20190126060001" download-size="3904" install-size="3904" />
	<plugin fragment="true" id="org.eclipse.equinox.p2.updatechecker.nl_zh_TW" unpack="false" version="4.10.0.v20190126060001" download-size="1489" install-size="1489" />
	<plugin fragment="true" id="org.eclipse.equinox.p2.updatesite.nl_zh_TW" unpack="false" version="4.10.0.v20190126060001" download-size="2983" install-size="2983" />
	<plugin fragment="true" id="org.eclipse.equinox.simpleconfigurator.manipulator.nl_zh_TW" unpack="false" version="4.10.0.v20190126060001" download-size="1497" install-size="1497" />
	<plugin fragment="true" id="org.eclipse.equinox.simpleconfigurator.nl_zh_TW" unpack="false" version="4.10.0.v20190126060001" download-size="1489" install-size="1489" />
	<plugin fragment="true" id="org.eclipse.help.base.nl_zh_TW" unpack="false" version="4.10.0.v20190126060001" download-size="4039" install-size="4039" />
	<plugin fragment="true" id="org.eclipse.help.nl_zh_TW" unpack="false" version="4.10.0.v20190126060001" download-size="1638" install-size="1638" />
	<plugin fragment="true" id="org.eclipse.help.ui.nl_zh_TW" unpack="false" version="4.10.0.v20190126060001" download-size="5825" install-size="5825" />
	<plugin fragment="true" id="org.eclipse.help.webapp.nl_zh_TW" unpack="false" version="4.10.0.v20190126060001" download-size="4829" install-size="4829" />
	<plugin fragment="true" id="org.eclipse.jdt.annotation.nl_zh_TW" unpack="false" version="4.10.0.v20190126060001" download-size="1482" install-size="1482" />
	<plugin fragment="true" id="org.eclipse.jdt.annotation_v1.nl_zh_TW" unpack="false" version="4.10.0.v20190126060001" download-size="1485" install-size="1485" />
	<plugin fragment="true" id="org.eclipse.jdt.apt.core.nl_zh_TW" unpack="false" version="4.10.0.v20190126060001" download-size="4041" install-size="4041" />
	<plugin fragment="true" id="org.eclipse.jdt.apt.pluggable.core.nl_zh_TW" unpack="false" version="4.10.0.v20190126060001" download-size="1579" install-size="1579" />
	<plugin fragment="true" id="org.eclipse.jdt.apt.ui.nl_zh_TW" unpack="false" version="4.10.0.v20190126060001" download-size="4744" install-size="4744" />
	<plugin fragment="true" id="org.eclipse.jdt.astview.nl_zh_TW" unpack="false" version="4.10.0.v20190126060001" download-size="1482" install-size="1482" />
	<plugin fragment="true" id="org.eclipse.jdt.compiler.apt.nl_zh_TW" unpack="false" version="4.10.0.v20190126060001" download-size="1517" install-size="1517" />
	<plugin fragment="true" id="org.eclipse.jdt.compiler.tool.nl_zh_TW" unpack="false" version="4.10.0.v20190126060001" download-size="1520" install-size="1520" />
	<plugin fragment="true" id="org.eclipse.jdt.core.manipulation.nl_zh_TW" unpack="false" version="4.10.0.v20190126060001" download-size="34729" install-size="34729" />
	<plugin fragment="true" id="org.eclipse.jdt.core.nl_zh_TW" unpack="false" version="4.10.0.v20190126060001" download-size="24771" install-size="24771" />
	<plugin fragment="true" id="org.eclipse.jdt.core.tests.builder.nl_zh_TW" unpack="false" version="4.10.0.v20190126060001" download-size="1527" install-size="1527" />
	<plugin fragment="true" id="org.eclipse.jdt.core.tests.compiler.nl_zh_TW" unpack="false" version="4.10.0.v20190126060001" download-size="1530" install-size="1530" />
	<plugin fragment="true" id="org.eclipse.jdt.core.tests.model.nl_zh_TW" unpack="false" version="4.10.0.v20190126060001" download-size="11312" install-size="11312" />
	<plugin fragment="true" id="org.eclipse.jdt.core.tests.performance.nl_zh_TW" unpack="false" version="4.10.0.v20190126060001" download-size="1534" install-size="1534" />
	<plugin fragment="true" id="org.eclipse.jdt.debug.nl_zh_TW" unpack="false" version="4.10.0.v20190126060001" download-size="22853" install-size="22853" />
	<plugin fragment="true" id="org.eclipse.jdt.debug.ui.nl_zh_TW" unpack="false" version="4.10.0.v20190126060001" download-size="32084" install-size="32084" />
	<plugin fragment="true" id="org.eclipse.jdt.doc.isv.nl_zh_TW" unpack="false" version="4.10.0.v20190126060001" download-size="1545" install-size="1545" />
	<plugin fragment="true" id="org.eclipse.jdt.doc.user.nl_zh_TW" unpack="false" version="4.10.0.v20190126060001" download-size="1537" install-size="1537" />
	<plugin fragment="true" id="org.eclipse.jdt.jeview.nl_zh_TW" unpack="false" version="4.10.0.v20190126060001" download-size="1481" install-size="1481" />
	<plugin fragment="true" id="org.eclipse.jdt.junit.core.nl_zh_TW" unpack="false" version="4.10.0.v20190126060001" download-size="4354" install-size="4354" />
	<plugin fragment="true" id="org.eclipse.jdt.junit.nl_zh_TW" unpack="false" version="4.10.0.v20190126060001" download-size="9839" install-size="9839" />
	<plugin fragment="true" id="org.eclipse.jdt.junit.runtime.nl_zh_TW" unpack="false" version="4.10.0.v20190126060001" download-size="3103" install-size="3103" />
	<plugin fragment="true" id="org.eclipse.jdt.junit4.runtime.nl_zh_TW" unpack="false" version="4.10.0.v20190126060001" download-size="1553" install-size="1553" />
	<plugin fragment="true" id="org.eclipse.jdt.junit5.runtime.nl_zh_TW" unpack="false" version="4.10.0.v20190126060001" download-size="1488" install-size="1488" />
	<plugin fragment="true" id="org.eclipse.jdt.launching.macosx.nl_zh_TW" unpack="false" version="4.10.0.v20190126060001" download-size="2681" install-size="2681" />
	<plugin fragment="true" id="org.eclipse.jdt.launching.nl_zh_TW" unpack="false" version="4.10.0.v20190126060001" download-size="7448" install-size="7448" />
	<plugin fragment="true" id="org.eclipse.jdt.launching.ui.macosx.nl_zh_TW" unpack="false" version="4.10.0.v20190126060001" download-size="3361" install-size="3361" />
	<plugin fragment="true" id="org.eclipse.jdt.nl_zh_TW" unpack="false" version="4.10.0.v20190126060001" download-size="1703" install-size="1703" />
	<plugin fragment="true" id="org.eclipse.jdt.ui.examples.javafamily.nl_zh_TW" unpack="false" version="4.10.0.v20190126060001" download-size="2394" install-size="2394" />
	<plugin fragment="true" id="org.eclipse.jdt.ui.examples.projects.nl_zh_TW" unpack="false" version="4.10.0.v20190126060001" download-size="2941" install-size="2941" />
	<plugin fragment="true" id="org.eclipse.jdt.ui.nl_zh_TW" unpack="false" version="4.10.0.v20190126060001" download-size="139382" install-size="139382" />
	<plugin fragment="true" id="org.eclipse.jdt.ui.tests.refactoring.nl_zh_TW" unpack="false" version="4.10.0.v20190126060001" download-size="1545" install-size="1545" />
	<plugin fragment="true" id="org.eclipse.jface.databinding.nl_zh_TW" unpack="false" version="4.10.0.v20190126060001" download-size="1547" install-size="1547" />
	<plugin fragment="true" id="org.eclipse.jface.examples.databinding.nl_zh_TW" unpack="false" version="4.10.0.v20190126060001" download-size="1542" install-size="1542" />
	<plugin fragment="true" id="org.eclipse.jface.nl_zh_TW" unpack="false" version="4.10.0.v20190126060001" download-size="6553" install-size="6553" />
	<plugin fragment="true" id="org.eclipse.jface.tests.databinding.conformance.nl_zh_TW" unpack="false" version="4.10.0.v20190126060001" download-size="1554" install-size="1554" />
	<plugin fragment="true" id="org.eclipse.jface.tests.databinding.nl_zh_TW" unpack="false" version="4.10.0.v20190126060001" download-size="1538" install-size="1538" />
	<plugin fragment="true" id="org.eclipse.jface.text.nl_zh_TW" unpack="false" version="4.10.0.v20190126060001" download-size="11567" install-size="11567" />
	<plugin fragment="true" id="org.eclipse.jsch.core.nl_zh_TW" unpack="false" version="4.10.0.v20190126060001" download-size="2648" install-size="2648" />
	<plugin fragment="true" id="org.eclipse.jsch.ui.nl_zh_TW" unpack="false" version="4.10.0.v20190126060001" download-size="4150" install-size="4150" />
	<plugin fragment="true" id="org.eclipse.ltk.core.refactoring.nl_zh_TW" unpack="false" version="4.10.0.v20190126060001" download-size="5837" install-size="5837" />
	<plugin fragment="true" id="org.eclipse.ltk.ui.refactoring.nl_zh_TW" unpack="false" version="4.10.0.v20190126060001" download-size="8505" install-size="8505" />
	<plugin fragment="true" id="org.eclipse.osgi.compatibility.state.nl_zh_TW" unpack="false" version="4.10.0.v20190126060001" download-size="3203" install-size="3203" />
	<plugin fragment="true" id="org.eclipse.osgi.nl_zh_TW" unpack="false" version="4.10.0.v20190126060001" download-size="5434" install-size="5434" />
	<plugin fragment="true" id="org.eclipse.osgi.services.nl_zh_TW" unpack="false" version="4.10.0.v20190126060001" download-size="1470" install-size="1470" />
	<plugin fragment="true" id="org.eclipse.osgi.util.nl_zh_TW" unpack="false" version="4.10.0.v20190126060001" download-size="1464" install-size="1464" />
	<plugin fragment="true" id="org.eclipse.pde.api.tools.annotations.nl_zh_TW" unpack="false" version="4.10.0.v20190126060001" download-size="1721" install-size="1721" />
	<plugin fragment="true" id="org.eclipse.pde.api.tools.ee.cdcfoundation10.nl_zh_TW" unpack="false" version="4.10.0.v20190126060001" download-size="1530" install-size="1530" />
	<plugin fragment="true" id="org.eclipse.pde.api.tools.ee.cdcfoundation11.nl_zh_TW" unpack="false" version="4.10.0.v20190126060001" download-size="1530" install-size="1530" />
	<plugin fragment="true" id="org.eclipse.pde.api.tools.ee.j2se12.nl_zh_TW" unpack="false" version="4.10.0.v20190126060001" download-size="1504" install-size="1504" />
	<plugin fragment="true" id="org.eclipse.pde.api.tools.ee.j2se13.nl_zh_TW" unpack="false" version="4.10.0.v20190126060001" download-size="1507" install-size="1507" />
	<plugin fragment="true" id="org.eclipse.pde.api.tools.ee.j2se14.nl_zh_TW" unpack="false" version="4.10.0.v20190126060001" download-size="1504" install-size="1504" />
	<plugin fragment="true" id="org.eclipse.pde.api.tools.ee.j2se15.nl_zh_TW" unpack="false" version="4.10.0.v20190126060001" download-size="1507" install-size="1507" />
	<plugin fragment="true" id="org.eclipse.pde.api.tools.ee.javase16.nl_zh_TW" unpack="false" version="4.10.0.v20190126060001" download-size="1513" install-size="1513" />
	<plugin fragment="true" id="org.eclipse.pde.api.tools.ee.javase17.nl_zh_TW" unpack="false" version="4.10.0.v20190126060001" download-size="1513" install-size="1513" />
	<plugin fragment="true" id="org.eclipse.pde.api.tools.ee.javase18.nl_zh_TW" unpack="false" version="4.10.0.v20190126060001" download-size="1964" install-size="1964" />
	<plugin fragment="true" id="org.eclipse.pde.api.tools.ee.javase9.nl_zh_TW" unpack="false" version="4.10.0.v20190126060001" download-size="1958" install-size="1958" />
	<plugin fragment="true" id="org.eclipse.pde.api.tools.ee.jre11.nl_zh_TW" unpack="false" version="4.10.0.v20190126060001" download-size="1501" install-size="1501" />
	<plugin fragment="true" id="org.eclipse.pde.api.tools.ee.osgiminimum10.nl_zh_TW" unpack="false" version="4.10.0.v20190126060001" download-size="1524" install-size="1524" />
	<plugin fragment="true" id="org.eclipse.pde.api.tools.ee.osgiminimum11.nl_zh_TW" unpack="false" version="4.10.0.v20190126060001" download-size="1524" install-size="1524" />
	<plugin fragment="true" id="org.eclipse.pde.api.tools.ee.osgiminimum12.nl_zh_TW" unpack="false" version="4.10.0.v20190126060001" download-size="1525" install-size="1525" />
	<plugin fragment="true" id="org.eclipse.pde.api.tools.generator.nl_zh_TW" unpack="false" version="4.10.0.v20190126060001" download-size="1941" install-size="1941" />
	<plugin fragment="true" id="org.eclipse.pde.api.tools.nl_zh_TW" unpack="false" version="4.10.0.v20190126060001" download-size="11204" install-size="11204" />
	<plugin fragment="true" id="org.eclipse.pde.api.tools.ui.nl_zh_TW" unpack="false" version="4.10.0.v20190126060001" download-size="10931" install-size="10931" />
	<plugin fragment="true" id="org.eclipse.pde.build.nl_zh_TW" unpack="false" version="4.10.0.v20190126060001" download-size="5958" install-size="5958" />
	<plugin fragment="true" id="org.eclipse.pde.core.nl_zh_TW" unpack="false" version="4.10.0.v20190126060001" download-size="9212" install-size="9212" />
	<plugin fragment="true" id="org.eclipse.pde.doc.user.nl_zh_TW" unpack="false" version="4.10.0.v20190126060001" download-size="1517" install-size="1517" />
	<plugin fragment="true" id="org.eclipse.pde.ds.annotations.nl_zh_TW" unpack="false" version="4.10.0.v20190126060001" download-size="2910" install-size="2910" />
	<plugin fragment="true" id="org.eclipse.pde.ds.core.nl_zh_TW" unpack="false" version="4.10.0.v20190126060001" download-size="2517" install-size="2517" />
	<plugin fragment="true" id="org.eclipse.pde.ds.lib.nl_zh_TW" unpack="false" version="4.10.0.v20190126060001" download-size="1708" install-size="1708" />
	<plugin fragment="true" id="org.eclipse.pde.ds.ui.nl_zh_TW" unpack="false" version="4.10.0.v20190126060001" download-size="2833" install-size="2833" />
	<plugin fragment="true" id="org.eclipse.pde.ds1_2.lib.nl_zh_TW" unpack="false" version="4.10.0.v20190126060001" download-size="1710" install-size="1710" />
	<plugin fragment="true" id="org.eclipse.pde.genericeditor.extension.nl_zh_TW" unpack="false" version="4.10.0.v20190126060001" download-size="1600" install-size="1600" />
	<plugin fragment="true" id="org.eclipse.pde.junit.runtime.nl_zh_TW" unpack="false" version="4.10.0.v20190126060001" download-size="1539" install-size="1539" />
	<plugin fragment="true" id="org.eclipse.pde.launching.nl_zh_TW" unpack="false" version="4.10.0.v20190126060001" download-size="3352" install-size="3352" />
	<plugin fragment="true" id="org.eclipse.pde.nl_zh_TW" unpack="false" version="4.10.0.v20190126060001" download-size="1559" install-size="1559" />
	<plugin fragment="true" id="org.eclipse.pde.runtime.nl_zh_TW" unpack="false" version="4.10.0.v20190126060001" download-size="3685" install-size="3685" />
	<plugin fragment="true" id="org.eclipse.pde.ua.core.nl_zh_TW" unpack="false" version="4.10.0.v20190126060001" download-size="1588" install-size="1588" />
	<plugin fragment="true" id="org.eclipse.pde.ua.ui.nl_zh_TW" unpack="false" version="4.10.0.v20190126060001" download-size="16193" install-size="16193" />
	<plugin fragment="true" id="org.eclipse.pde.ui.nl_zh_TW" unpack="false" version="4.10.0.v20190126060001" download-size="40204" install-size="40204" />
	<plugin fragment="true" id="org.eclipse.pde.ui.templates.nl_zh_TW" unpack="false" version="4.10.0.v20190126060001" download-size="9258" install-size="9258" />
	<plugin fragment="true" id="org.eclipse.platform.doc.isv.nl_zh_TW" unpack="false" version="4.10.0.v20190126060001" download-size="1551" install-size="1551" />
	<plugin fragment="true" id="org.eclipse.platform.doc.user.nl_zh_TW" unpack="false" version="4.10.0.v20190126060001" download-size="1514" install-size="1514" />
	<plugin fragment="true" id="org.eclipse.platform.nl_zh_TW" unpack="false" version="4.10.0.v20190126060001" download-size="2902" install-size="2902" />
	<plugin fragment="true" id="org.eclipse.sdk.nl_zh_TW" unpack="false" version="4.10.0.v20190126060001" download-size="2906" install-size="2906" />
	<plugin fragment="true" id="org.eclipse.search.nl_zh_TW" unpack="false" version="4.10.0.v20190126060001" download-size="8854" install-size="8854" />
	<plugin fragment="true" id="org.eclipse.swt.examples.browser.demos.nl_zh_TW" unpack="false" version="4.10.0.v20190126060001" download-size="2173" install-size="2173" />
	<plugin fragment="true" id="org.eclipse.swt.examples.launcher.nl_zh_TW" unpack="false" version="4.10.0.v20190126060001" download-size="2317" install-size="2317" />
	<plugin fragment="true" id="org.eclipse.swt.examples.nl_zh_TW" unpack="false" version="4.10.0.v20190126060001" download-size="19051" install-size="19051" />
	<plugin fragment="true" id="org.eclipse.swt.examples.ole.win32.nl_zh_TW" unpack="false" version="4.10.0.v20190126060001" download-size="2447" install-size="2447" />
	<plugin fragment="true" id="org.eclipse.swt.examples.views.nl_zh_TW" unpack="false" version="4.10.0.v20190126060001" download-size="2448" install-size="2448" />
	<plugin fragment="true" id="org.eclipse.swt.fragments.localbuild.nl_zh_TW" unpack="false" version="4.10.0.v20190126060001" download-size="1487" install-size="1487" />
	<plugin fragment="true" id="org.eclipse.swt.nl_zh_TW" unpack="false" version="4.10.0.v20190126060001" download-size="3281" install-size="3281" />
	<plugin fragment="true" id="org.eclipse.swt.opengl.examples.nl_zh_TW" unpack="false" version="4.10.0.v20190126060001" download-size="1852" install-size="1852" />
	<plugin fragment="true" id="org.eclipse.swt.snippets.nl_zh_TW" unpack="false" version="4.10.0.v20190126060001" download-size="1481" install-size="1481" />
	<plugin fragment="true" id="org.eclipse.swt.tools.base.nl_zh_TW" unpack="false" version="4.10.0.v20190126060001" download-size="1516" install-size="1516" />
	<plugin fragment="true" id="org.eclipse.swt.tools.nl_zh_TW" unpack="false" version="4.10.0.v20190126060001" download-size="1506" install-size="1506" />
	<plugin fragment="true" id="org.eclipse.swt.tools.spies.nl_zh_TW" unpack="false" version="4.10.0.v20190126060001" download-size="1486" install-size="1486" />
	<plugin fragment="true" id="org.eclipse.team.core.nl_zh_TW" unpack="false" version="4.10.0.v20190126060001" download-size="4770" install-size="4770" />
	<plugin fragment="true" id="org.eclipse.team.cvs.core.nl_zh_TW" unpack="false" version="4.10.0.v20190126060001" download-size="8612" install-size="8612" />
	<plugin fragment="true" id="org.eclipse.team.cvs.ssh2.nl_zh_TW" unpack="false" version="4.10.0.v20190126060001" download-size="3812" install-size="3812" />
	<plugin fragment="true" id="org.eclipse.team.cvs.ui.nl_zh_TW" unpack="false" version="4.10.0.v20190126060001" download-size="26581" install-size="26581" />
	<plugin fragment="true" id="org.eclipse.team.examples.filesystem.nl_zh_TW" unpack="false" version="4.10.0.v20190126060001" download-size="3478" install-size="3478" />
	<plugin fragment="true" id="org.eclipse.team.genericeditor.diff.extension.nl_zh_TW" unpack="false" version="4.10.0.v20190126060001" download-size="1499" install-size="1499" />
	<plugin fragment="true" id="org.eclipse.team.tests.core.nl_zh_TW" unpack="false" version="4.10.0.v20190126060001" download-size="1483" install-size="1483" />
	<plugin fragment="true" id="org.eclipse.team.tests.cvs.core.nl_zh_TW" unpack="false" version="4.10.0.v20190126060001" download-size="1760" install-size="1760" />
	<plugin fragment="true" id="org.eclipse.team.ui.nl_zh_TW" unpack="false" version="4.10.0.v20190126060001" download-size="13820" install-size="13820" />
	<plugin fragment="true" id="org.eclipse.tests.urischeme.nl_zh_TW" unpack="false" version="4.10.0.v20190126060001" download-size="1487" install-size="1487" />
	<plugin fragment="true" id="org.eclipse.text.nl_zh_TW" unpack="false" version="4.10.0.v20190126060001" download-size="4994" install-size="4994" />
	<plugin fragment="true" id="org.eclipse.tips.core.nl_zh_TW" unpack="false" version="4.10.0.v20190126060001" download-size="1708" install-size="1708" />
	<plugin fragment="true" id="org.eclipse.tips.ide.nl_zh_TW" unpack="false" version="4.10.0.v20190126060001" download-size="2565" install-size="2565" />
	<plugin fragment="true" id="org.eclipse.tips.json.nl_zh_TW" unpack="false" version="4.10.0.v20190126060001" download-size="1709" install-size="1709" />
	<plugin fragment="true" id="org.eclipse.tips.ui.nl_zh_TW" unpack="false" version="4.10.0.v20190126060001" download-size="2594" install-size="2594" />
	<plugin fragment="true" id="org.eclipse.tools.layout.spy.nl_zh_TW" unpack="false" version="4.10.0.v20190126060001" download-size="1558" install-size="1558" />
	<plugin fragment="true" id="org.eclipse.ui.browser.nl_zh_TW" unpack="false" version="4.10.0.v20190126060001" download-size="3369" install-size="3369" />
	<plugin fragment="true" id="org.eclipse.ui.cheatsheets.nl_zh_TW" unpack="false" version="4.10.0.v20190126060001" download-size="6053" install-size="6053" />
	<plugin fragment="true" id="org.eclipse.ui.cocoa.nl_zh_TW" unpack="false" version="4.10.0.v20190126060001" download-size="1522" install-size="1522" />
	<plugin fragment="true" id="org.eclipse.ui.console.nl_zh_TW" unpack="false" version="4.10.0.v20190126060001" download-size="3672" install-size="3672" />
	<plugin fragment="true" id="org.eclipse.ui.editors.nl_zh_TW" unpack="false" version="4.10.0.v20190126060001" download-size="13708" install-size="13708" />
	<plugin fragment="true" id="org.eclipse.ui.examples.contributions.nl_zh_TW" unpack="false" version="4.10.0.v20190126060001" download-size="3583" install-size="3583" />
	<plugin fragment="true" id="org.eclipse.ui.examples.fieldassist.nl_zh_TW" unpack="false" version="4.10.0.v20190126060001" download-size="3914" install-size="3914" />
	<plugin fragment="true" id="org.eclipse.ui.examples.javaeditor.nl_zh_TW" unpack="false" version="4.10.0.v20190126060001" download-size="4377" install-size="4377" />
	<plugin fragment="true" id="org.eclipse.ui.examples.job.nl_zh_TW" unpack="false" version="4.10.0.v20190126060001" download-size="1484" install-size="1484" />
	<plugin fragment="true" id="org.eclipse.ui.examples.multipageeditor.nl_zh_TW" unpack="false" version="4.10.0.v20190126060001" download-size="2625" install-size="2625" />
	<plugin fragment="true" id="org.eclipse.ui.examples.navigator.nl_zh_TW" unpack="false" version="4.10.0.v20190126060001" download-size="1495" install-size="1495" />
	<plugin fragment="true" id="org.eclipse.ui.examples.propertysheet.nl_zh_TW" unpack="false" version="4.10.0.v20190126060001" download-size="3413" install-size="3413" />
	<plugin fragment="true" id="org.eclipse.ui.examples.readmetool.nl_zh_TW" unpack="false" version="4.10.0.v20190126060001" download-size="4726" install-size="4726" />
	<plugin fragment="true" id="org.eclipse.ui.examples.undo.nl_zh_TW" unpack="false" version="4.10.0.v20190126060001" download-size="3038" install-size="3038" />
	<plugin fragment="true" id="org.eclipse.ui.examples.uriSchemeHandler.nl_zh_TW" unpack="false" version="4.10.0.v20190126060001" download-size="1501" install-size="1501" />
	<plugin fragment="true" id="org.eclipse.ui.examples.views.properties.tabbed.article.nl_zh_TW" unpack="false" version="4.10.0.v20190126060001" download-size="1626" install-size="1626" />
	<plugin fragment="true" id="org.eclipse.ui.externaltools.nl_zh_TW" unpack="false" version="4.10.0.v20190126060001" download-size="9055" install-size="9055" />
	<plugin fragment="true" id="org.eclipse.ui.forms.nl_zh_TW" unpack="false" version="4.10.0.v20190126060001" download-size="2543" install-size="2543" />
	<plugin fragment="true" id="org.eclipse.ui.genericeditor.nl_zh_TW" unpack="false" version="4.10.0.v20190126060001" download-size="2496" install-size="2496" />
	<plugin fragment="true" id="org.eclipse.ui.ide.application.nl_zh_TW" unpack="false" version="4.10.0.v20190126060001" download-size="1817" install-size="1817" />
	<plugin fragment="true" id="org.eclipse.ui.ide.nl_zh_TW" unpack="false" version="4.10.0.v20190126060001" download-size="38666" install-size="38666" />
	<plugin fragment="true" id="org.eclipse.ui.intro.nl_zh_TW" unpack="false" version="4.10.0.v20190126060001" download-size="3893" install-size="3893" />
	<plugin fragment="true" id="org.eclipse.ui.intro.quicklinks.examples.nl_zh_TW" unpack="false" version="4.10.0.v20190126060001" download-size="1496" install-size="1496" />
	<plugin fragment="true" id="org.eclipse.ui.intro.quicklinks.nl_zh_TW" unpack="false" version="4.10.0.v20190126060001" download-size="1490" install-size="1490" />
	<plugin fragment="true" id="org.eclipse.ui.intro.universal.nl_zh_TW" unpack="false" version="4.10.0.v20190126060001" download-size="15750" install-size="15750" />
	<plugin fragment="true" id="org.eclipse.ui.monitoring.nl_zh_TW" unpack="false" version="4.10.0.v20190126060001" download-size="2630" install-size="2630" />
	<plugin fragment="true" id="org.eclipse.ui.navigator.nl_zh_TW" unpack="false" version="4.10.0.v20190126060001" download-size="4145" install-size="4145" />
	<plugin fragment="true" id="org.eclipse.ui.navigator.resources.nl_zh_TW" unpack="false" version="4.10.0.v20190126060001" download-size="3811" install-size="3811" />
	<plugin fragment="true" id="org.eclipse.ui.net.nl_zh_TW" unpack="false" version="4.10.0.v20190126060001" download-size="2756" install-size="2756" />
	<plugin fragment="true" id="org.eclipse.ui.nl_zh_TW" unpack="false" version="4.10.0.v20190126060001" download-size="5524" install-size="5524" />
	<plugin fragment="true" id="org.eclipse.ui.tests.navigator.nl_zh_TW" unpack="false" version="4.10.0.v20190126060001" download-size="1612" install-size="1612" />
	<plugin fragment="true" id="org.eclipse.ui.tests.rcp.nl_zh_TW" unpack="false" version="4.10.0.v20190126060001" download-size="1481" install-size="1481" />
	<plugin fragment="true" id="org.eclipse.ui.tests.views.properties.tabbed.nl_zh_TW" unpack="false" version="4.10.0.v20190126060001" download-size="1642" install-size="1642" />
	<plugin fragment="true" id="org.eclipse.ui.themes.nl_zh_TW" unpack="false" version="4.10.0.v20190126060001" download-size="1486" install-size="1486" />
	<plugin fragment="true" id="org.eclipse.ui.trace.nl_zh_TW" unpack="false" version="4.10.0.v20190126060001" download-size="2448" install-size="2448" />
	<plugin fragment="true" id="org.eclipse.ui.views.log.nl_zh_TW" unpack="false" version="4.10.0.v20190126060001" download-size="4022" install-size="4022" />
	<plugin fragment="true" id="org.eclipse.ui.views.nl_zh_TW" unpack="false" version="4.10.0.v20190126060001" download-size="3362" install-size="3362" />
	<plugin fragment="true" id="org.eclipse.ui.views.properties.tabbed.nl_zh_TW" unpack="false" version="4.10.0.v20190126060001" download-size="3308" install-size="3308" />
	<plugin fragment="true" id="org.eclipse.ui.win32.nl_zh_TW" unpack="false" version="4.10.0.v20190126060001" download-size="1522" install-size="1522" />
	<plugin fragment="true" id="org.eclipse.ui.workbench.nl_zh_TW" unpack="false" version="4.10.0.v20190126060001" download-size="27606" install-size="27606" />
	<plugin fragment="true" id="org.eclipse.ui.workbench.texteditor.nl_zh_TW" unpack="false" version="4.10.0.v20190126060001" download-size="14483" install-size="14483" />
	<plugin fragment="true" id="org.eclipse.update.configurator.nl_zh_TW" unpack="false" version="4.10.0.v20190126060001" download-size="3674" install-size="3674" />
	<plugin fragment="true" id="org.eclipse.urischeme.nl_zh_TW" unpack="false" version="4.10.0.v20190126060001" download-size="1484" install-size="1484" />
</feature>